timestamp,cpu,ram,disco,qtd_processos,mac
2025-10-23_23-37-54,5.3,82.2,55.1,272,276246685787227
2025-10-23_23-37-54,5.3,82.2,55.1,272,276246685787227
2025-10-23_23-38-05,8.7,82.3,55.1,272,276246685787227
2025-10-23_23-45-17,4.4,83.1,55.1,266,276246685787227
2025-10-23_23-50-01,3.2,83.9,55.1,267,276246685787227
2025-10-23_23-52-28,2.5,84.1,55.1,275,276246685787227
2025-10-23_23-54-40,4.8,84.4,55.1,270,276246685787227
2025-10-23_23-54-40,4.8,84.4,55.1,270,276246685787227
2025-10-23_23-54-53,8.2,84.4,55.1,271,276246685787227
2025-10-24_00-00-45,7.5,86.2,55.1,273,276246685787227
2025-10-24_00-00-45,7.5,86.2,55.1,273,276246685787227
2025-10-24_00-00-56,8.2,86.6,55.1,274,276246685787227
2025-10-24_00-00-45,7.5,86.2,55.1,273,276246685787227
2025-10-24_00-00-56,8.2,86.6,55.1,274,276246685787227
2025-10-24_00-01-09,11.0,86.5,55.1,274,276246685787227
2025-10-24_00-00-45,7.5,86.2,55.1,273,276246685787227
2025-10-24_00-00-56,8.2,86.6,55.1,274,276246685787227
2025-10-24_00-01-09,11.0,86.5,55.1,274,276246685787227
2025-10-24_00-01-24,12.4,86.6,55.1,273,276246685787227
2025-10-24_00-00-45,7.5,86.2,55.1,273,276246685787227
2025-10-24_00-00-56,8.2,86.6,55.1,274,276246685787227
2025-10-24_00-01-09,11.0,86.5,55.1,274,276246685787227
2025-10-24_00-01-24,12.4,86.6,55.1,273,276246685787227
2025-10-24_00-01-35,7.9,86.1,55.1,271,276246685787227
2025-10-24_00-00-45,7.5,86.2,55.1,273,276246685787227
2025-10-24_00-00-56,8.2,86.6,55.1,274,276246685787227
2025-10-24_00-01-09,11.0,86.5,55.1,274,276246685787227
2025-10-24_00-01-24,12.4,86.6,55.1,273,276246685787227
2025-10-24_00-01-35,7.9,86.1,55.1,271,276246685787227
2025-10-24_00-01-46,8.1,86.1,55.1,271,276246685787227
2025-10-24_00-02-28,4.9,85.7,55.1,269,276246685787227
2025-10-24_00-02-28,4.9,85.7,55.1,269,276246685787227
2025-10-24_00-02-44,8.1,86.0,55.1,270,276246685787227
2025-10-24_00-02-28,4.9,85.7,55.1,269,276246685787227
2025-10-24_00-02-44,8.1,86.0,55.1,270,276246685787227
2025-10-24_00-03-02,6.4,85.9,55.1,270,276246685787227
2025-10-24_00-02-28,4.9,85.7,55.1,269,276246685787227
2025-10-24_00-02-44,8.1,86.0,55.1,270,276246685787227
2025-10-24_00-03-02,6.4,85.9,55.1,270,276246685787227
2025-10-24_00-03-20,9.3,85.5,55.1,270,276246685787227
2025-10-24_00-02-28,4.9,85.7,55.1,269,276246685787227
2025-10-24_00-02-44,8.1,86.0,55.1,270,276246685787227
2025-10-24_00-03-02,6.4,85.9,55.1,270,276246685787227
2025-10-24_00-03-20,9.3,85.5,55.1,270,276246685787227
2025-10-24_00-03-40,13.1,85.7,55.1,276,276246685787227
2025-10-24_00-02-28,4.9,85.7,55.1,269,276246685787227
2025-10-24_00-02-44,8.1,86.0,55.1,270,276246685787227
2025-10-24_00-03-02,6.4,85.9,55.1,270,276246685787227
2025-10-24_00-03-20,9.3,85.5,55.1,270,276246685787227
2025-10-24_00-03-40,13.1,85.7,55.1,276,276246685787227
2025-10-24_00-03-57,12.2,85.5,55.1,280,276246685787227
2025-10-24_00-02-28,4.9,85.7,55.1,269,276246685787227
2025-10-24_00-02-44,8.1,86.0,55.1,270,276246685787227
2025-10-24_00-03-02,6.4,85.9,55.1,270,276246685787227
2025-10-24_00-03-20,9.3,85.5,55.1,270,276246685787227
2025-10-24_00-03-40,13.1,85.7,55.1,276,276246685787227
2025-10-24_00-03-57,12.2,85.5,55.1,280,276246685787227
2025-10-24_00-04-13,8.0,85.1,55.1,278,276246685787227
2025-10-24_00-02-28,4.9,85.7,55.1,269,276246685787227
2025-10-24_00-02-44,8.1,86.0,55.1,270,276246685787227
2025-10-24_00-03-02,6.4,85.9,55.1,270,276246685787227
2025-10-24_00-03-20,9.3,85.5,55.1,270,276246685787227
2025-10-24_00-03-40,13.1,85.7,55.1,276,276246685787227
2025-10-24_00-03-57,12.2,85.5,55.1,280,276246685787227
2025-10-24_00-04-13,8.0,85.1,55.1,278,276246685787227
2025-10-24_00-04-33,12.8,85.9,55.1,276,276246685787227
2025-10-24_00-02-28,4.9,85.7,55.1,269,276246685787227
2025-10-24_00-02-44,8.1,86.0,55.1,270,276246685787227
2025-10-24_00-03-02,6.4,85.9,55.1,270,276246685787227
2025-10-24_00-03-20,9.3,85.5,55.1,270,276246685787227
2025-10-24_00-03-40,13.1,85.7,55.1,276,276246685787227
2025-10-24_00-03-57,12.2,85.5,55.1,280,276246685787227
2025-10-24_00-04-13,8.0,85.1,55.1,278,276246685787227
2025-10-24_00-04-33,12.8,85.9,55.1,276,276246685787227
2025-10-24_00-04-53,10.7,86.2,55.1,281,276246685787227
2025-10-24_00-02-28,4.9,85.7,55.1,269,276246685787227
2025-10-24_00-02-44,8.1,86.0,55.1,270,276246685787227
2025-10-24_00-03-02,6.4,85.9,55.1,270,276246685787227
2025-10-24_00-03-20,9.3,85.5,55.1,270,276246685787227
2025-10-24_00-03-40,13.1,85.7,55.1,276,276246685787227
2025-10-24_00-03-57,12.2,85.5,55.1,280,276246685787227
2025-10-24_00-04-13,8.0,85.1,55.1,278,276246685787227
2025-10-24_00-04-33,12.8,85.9,55.1,276,276246685787227
2025-10-24_00-04-53,10.7,86.2,55.1,281,276246685787227
2025-10-24_00-05-14,14.0,86.7,55.1,283,276246685787227
2025-10-24_00-02-28,4.9,85.7,55.1,269,276246685787227
2025-10-24_00-02-44,8.1,86.0,55.1,270,276246685787227
2025-10-24_00-03-02,6.4,85.9,55.1,270,276246685787227
2025-10-24_00-03-20,9.3,85.5,55.1,270,276246685787227
2025-10-24_00-03-40,13.1,85.7,55.1,276,276246685787227
2025-10-24_00-03-57,12.2,85.5,55.1,280,276246685787227
2025-10-24_00-04-13,8.0,85.1,55.1,278,276246685787227
2025-10-24_00-04-33,12.8,85.9,55.1,276,276246685787227
2025-10-24_00-04-53,10.7,86.2,55.1,281,276246685787227
2025-10-24_00-05-14,14.0,86.7,55.1,283,276246685787227
2025-10-24_00-05-33,5.6,86.6,55.1,279,276246685787227
2025-10-24_00-02-28,4.9,85.7,55.1,269,276246685787227
2025-10-24_00-02-44,8.1,86.0,55.1,270,276246685787227
2025-10-24_00-03-02,6.4,85.9,55.1,270,276246685787227
2025-10-24_00-03-20,9.3,85.5,55.1,270,276246685787227
2025-10-24_00-03-40,13.1,85.7,55.1,276,276246685787227
2025-10-24_00-03-57,12.2,85.5,55.1,280,276246685787227
2025-10-24_00-04-13,8.0,85.1,55.1,278,276246685787227
2025-10-24_00-04-33,12.8,85.9,55.1,276,276246685787227
2025-10-24_00-04-53,10.7,86.2,55.1,281,276246685787227
2025-10-24_00-05-14,14.0,86.7,55.1,283,276246685787227
2025-10-24_00-05-33,5.6,86.6,55.1,279,276246685787227
2025-10-24_00-05-51,6.8,86.6,55.1,279,276246685787227
2025-10-24_00-02-28,4.9,85.7,55.1,269,276246685787227
2025-10-24_00-02-44,8.1,86.0,55.1,270,276246685787227
2025-10-24_00-03-02,6.4,85.9,55.1,270,276246685787227
2025-10-24_00-03-20,9.3,85.5,55.1,270,276246685787227
2025-10-24_00-03-40,13.1,85.7,55.1,276,276246685787227
2025-10-24_00-03-57,12.2,85.5,55.1,280,276246685787227
2025-10-24_00-04-13,8.0,85.1,55.1,278,276246685787227
2025-10-24_00-04-33,12.8,85.9,55.1,276,276246685787227
2025-10-24_00-04-53,10.7,86.2,55.1,281,276246685787227
2025-10-24_00-05-14,14.0,86.7,55.1,283,276246685787227
2025-10-24_00-05-33,5.6,86.6,55.1,279,276246685787227
2025-10-24_00-05-51,6.8,86.6,55.1,279,276246685787227
2025-10-24_00-06-11,7.1,86.3,55.1,278,276246685787227
2025-10-24_00-02-28,4.9,85.7,55.1,269,276246685787227
2025-10-24_00-02-44,8.1,86.0,55.1,270,276246685787227
2025-10-24_00-03-02,6.4,85.9,55.1,270,276246685787227
2025-10-24_00-03-20,9.3,85.5,55.1,270,276246685787227
2025-10-24_00-03-40,13.1,85.7,55.1,276,276246685787227
2025-10-24_00-03-57,12.2,85.5,55.1,280,276246685787227
2025-10-24_00-04-13,8.0,85.1,55.1,278,276246685787227
2025-10-24_00-04-33,12.8,85.9,55.1,276,276246685787227
2025-10-24_00-04-53,10.7,86.2,55.1,281,276246685787227
2025-10-24_00-05-14,14.0,86.7,55.1,283,276246685787227
2025-10-24_00-05-33,5.6,86.6,55.1,279,276246685787227
2025-10-24_00-05-51,6.8,86.6,55.1,279,276246685787227
2025-10-24_00-06-11,7.1,86.3,55.1,278,276246685787227
2025-10-24_00-06-29,8.1,86.2,55.1,276,276246685787227
2025-10-24_00-02-28,4.9,85.7,55.1,269,276246685787227
2025-10-24_00-02-44,8.1,86.0,55.1,270,276246685787227
2025-10-24_00-03-02,6.4,85.9,55.1,270,276246685787227
2025-10-24_00-03-20,9.3,85.5,55.1,270,276246685787227
2025-10-24_00-03-40,13.1,85.7,55.1,276,276246685787227
2025-10-24_00-03-57,12.2,85.5,55.1,280,276246685787227
2025-10-24_00-04-13,8.0,85.1,55.1,278,276246685787227
2025-10-24_00-04-33,12.8,85.9,55.1,276,276246685787227
2025-10-24_00-04-53,10.7,86.2,55.1,281,276246685787227
2025-10-24_00-05-14,14.0,86.7,55.1,283,276246685787227
2025-10-24_00-05-33,5.6,86.6,55.1,279,276246685787227
2025-10-24_00-05-51,6.8,86.6,55.1,279,276246685787227
2025-10-24_00-06-11,7.1,86.3,55.1,278,276246685787227
2025-10-24_00-06-29,8.1,86.2,55.1,276,276246685787227
2025-10-24_00-06-48,11.3,86.3,55.1,280,276246685787227
2025-10-24_00-02-28,4.9,85.7,55.1,269,276246685787227
2025-10-24_00-02-44,8.1,86.0,55.1,270,276246685787227
2025-10-24_00-03-02,6.4,85.9,55.1,270,276246685787227
2025-10-24_00-03-20,9.3,85.5,55.1,270,276246685787227
2025-10-24_00-03-40,13.1,85.7,55.1,276,276246685787227
2025-10-24_00-03-57,12.2,85.5,55.1,280,276246685787227
2025-10-24_00-04-13,8.0,85.1,55.1,278,276246685787227
2025-10-24_00-04-33,12.8,85.9,55.1,276,276246685787227
2025-10-24_00-04-53,10.7,86.2,55.1,281,276246685787227
2025-10-24_00-05-14,14.0,86.7,55.1,283,276246685787227
2025-10-24_00-05-33,5.6,86.6,55.1,279,276246685787227
2025-10-24_00-05-51,6.8,86.6,55.1,279,276246685787227
2025-10-24_00-06-11,7.1,86.3,55.1,278,276246685787227
2025-10-24_00-06-29,8.1,86.2,55.1,276,276246685787227
2025-10-24_00-06-48,11.3,86.3,55.1,280,276246685787227
2025-10-24_00-07-04,7.6,85.8,55.1,278,276246685787227
2025-10-24_00-02-28,4.9,85.7,55.1,269,276246685787227
2025-10-24_00-02-44,8.1,86.0,55.1,270,276246685787227
2025-10-24_00-03-02,6.4,85.9,55.1,270,276246685787227
2025-10-24_00-03-20,9.3,85.5,55.1,270,276246685787227
2025-10-24_00-03-40,13.1,85.7,55.1,276,276246685787227
2025-10-24_00-03-57,12.2,85.5,55.1,280,276246685787227
2025-10-24_00-04-13,8.0,85.1,55.1,278,276246685787227
2025-10-24_00-04-33,12.8,85.9,55.1,276,276246685787227
2025-10-24_00-04-53,10.7,86.2,55.1,281,276246685787227
2025-10-24_00-05-14,14.0,86.7,55.1,283,276246685787227
2025-10-24_00-05-33,5.6,86.6,55.1,279,276246685787227
2025-10-24_00-05-51,6.8,86.6,55.1,279,276246685787227
2025-10-24_00-06-11,7.1,86.3,55.1,278,276246685787227
2025-10-24_00-06-29,8.1,86.2,55.1,276,276246685787227
2025-10-24_00-06-48,11.3,86.3,55.1,280,276246685787227
2025-10-24_00-07-04,7.6,85.8,55.1,278,276246685787227
2025-10-24_00-07-21,7.3,85.7,55.1,278,276246685787227
2025-10-24_00-07-37,6.2,85.6,55.1,278,276246685787227
2025-10-24_00-07-37,6.2,85.6,55.1,278,276246685787227
2025-10-24_00-07-53,5.3,85.5,55.1,278,276246685787227
2025-10-24_00-07-37,6.2,85.6,55.1,278,276246685787227
2025-10-24_00-07-53,5.3,85.5,55.1,278,276246685787227
2025-10-24_00-08-10,5.0,85.5,55.1,277,276246685787227
2025-10-24_00-07-37,6.2,85.6,55.1,278,276246685787227
2025-10-24_00-07-53,5.3,85.5,55.1,278,276246685787227
2025-10-24_00-08-10,5.0,85.5,55.1,277,276246685787227
2025-10-24_00-08-26,7.4,83.9,55.1,277,276246685787227
2025-10-24_00-07-37,6.2,85.6,55.1,278,276246685787227
2025-10-24_00-07-53,5.3,85.5,55.1,278,276246685787227
2025-10-24_00-08-10,5.0,85.5,55.1,277,276246685787227
2025-10-24_00-08-26,7.4,83.9,55.1,277,276246685787227
2025-10-24_00-08-43,8.4,84.3,55.1,277,276246685787227
2025-10-24_00-07-37,6.2,85.6,55.1,278,276246685787227
2025-10-24_00-07-53,5.3,85.5,55.1,278,276246685787227
2025-10-24_00-08-10,5.0,85.5,55.1,277,276246685787227
2025-10-24_00-08-26,7.4,83.9,55.1,277,276246685787227
2025-10-24_00-08-43,8.4,84.3,55.1,277,276246685787227
2025-10-24_00-08-59,5.3,84.3,55.1,277,276246685787227
2025-10-24_00-07-37,6.2,85.6,55.1,278,276246685787227
2025-10-24_00-07-53,5.3,85.5,55.1,278,276246685787227
2025-10-24_00-08-10,5.0,85.5,55.1,277,276246685787227
2025-10-24_00-08-26,7.4,83.9,55.1,277,276246685787227
2025-10-24_00-08-43,8.4,84.3,55.1,277,276246685787227
2025-10-24_00-08-59,5.3,84.3,55.1,277,276246685787227
2025-10-24_00-09-15,6.6,84.5,55.1,277,276246685787227
2025-10-24_00-07-37,6.2,85.6,55.1,278,276246685787227
2025-10-24_00-07-53,5.3,85.5,55.1,278,276246685787227
2025-10-24_00-08-10,5.0,85.5,55.1,277,276246685787227
2025-10-24_00-08-26,7.4,83.9,55.1,277,276246685787227
2025-10-24_00-08-43,8.4,84.3,55.1,277,276246685787227
2025-10-24_00-08-59,5.3,84.3,55.1,277,276246685787227
2025-10-24_00-09-15,6.6,84.5,55.1,277,276246685787227
2025-10-24_00-09-31,10.7,86.3,55.1,277,276246685787227
2025-10-24_00-07-37,6.2,85.6,55.1,278,276246685787227
2025-10-24_00-07-53,5.3,85.5,55.1,278,276246685787227
2025-10-24_00-08-10,5.0,85.5,55.1,277,276246685787227
2025-10-24_00-08-26,7.4,83.9,55.1,277,276246685787227
2025-10-24_00-08-43,8.4,84.3,55.1,277,276246685787227
2025-10-24_00-08-59,5.3,84.3,55.1,277,276246685787227
2025-10-24_00-09-15,6.6,84.5,55.1,277,276246685787227
2025-10-24_00-09-31,10.7,86.3,55.1,277,276246685787227
2025-10-24_00-09-47,11.2,86.1,55.1,277,276246685787227
2025-10-24_00-07-37,6.2,85.6,55.1,278,276246685787227
2025-10-24_00-07-53,5.3,85.5,55.1,278,276246685787227
2025-10-24_00-08-10,5.0,85.5,55.1,277,276246685787227
2025-10-24_00-08-26,7.4,83.9,55.1,277,276246685787227
2025-10-24_00-08-43,8.4,84.3,55.1,277,276246685787227
2025-10-24_00-08-59,5.3,84.3,55.1,277,276246685787227
2025-10-24_00-09-15,6.6,84.5,55.1,277,276246685787227
2025-10-24_00-09-31,10.7,86.3,55.1,277,276246685787227
2025-10-24_00-09-47,11.2,86.1,55.1,277,276246685787227
2025-10-24_00-10-04,8.8,85.4,55.1,276,276246685787227
2025-10-24_00-07-37,6.2,85.6,55.1,278,276246685787227
2025-10-24_00-07-53,5.3,85.5,55.1,278,276246685787227
2025-10-24_00-08-10,5.0,85.5,55.1,277,276246685787227
2025-10-24_00-08-26,7.4,83.9,55.1,277,276246685787227
2025-10-24_00-08-43,8.4,84.3,55.1,277,276246685787227
2025-10-24_00-08-59,5.3,84.3,55.1,277,276246685787227
2025-10-24_00-09-15,6.6,84.5,55.1,277,276246685787227
2025-10-24_00-09-31,10.7,86.3,55.1,277,276246685787227
2025-10-24_00-09-47,11.2,86.1,55.1,277,276246685787227
2025-10-24_00-10-04,8.8,85.4,55.1,276,276246685787227
2025-10-24_00-10-23,7.2,84.9,55.1,273,276246685787227
2025-10-24_00-07-37,6.2,85.6,55.1,278,276246685787227
2025-10-24_00-07-53,5.3,85.5,55.1,278,276246685787227
2025-10-24_00-08-10,5.0,85.5,55.1,277,276246685787227
2025-10-24_00-08-26,7.4,83.9,55.1,277,276246685787227
2025-10-24_00-08-43,8.4,84.3,55.1,277,276246685787227
2025-10-24_00-08-59,5.3,84.3,55.1,277,276246685787227
2025-10-24_00-09-15,6.6,84.5,55.1,277,276246685787227
2025-10-24_00-09-31,10.7,86.3,55.1,277,276246685787227
2025-10-24_00-09-47,11.2,86.1,55.1,277,276246685787227
2025-10-24_00-10-04,8.8,85.4,55.1,276,276246685787227
2025-10-24_00-10-23,7.2,84.9,55.1,273,276246685787227
2025-10-24_00-10-41,7.2,85.1,55.1,273,276246685787227
2025-10-24_00-07-37,6.2,85.6,55.1,278,276246685787227
2025-10-24_00-07-53,5.3,85.5,55.1,278,276246685787227
2025-10-24_00-08-10,5.0,85.5,55.1,277,276246685787227
2025-10-24_00-08-26,7.4,83.9,55.1,277,276246685787227
2025-10-24_00-08-43,8.4,84.3,55.1,277,276246685787227
2025-10-24_00-08-59,5.3,84.3,55.1,277,276246685787227
2025-10-24_00-09-15,6.6,84.5,55.1,277,276246685787227
2025-10-24_00-09-31,10.7,86.3,55.1,277,276246685787227
2025-10-24_00-09-47,11.2,86.1,55.1,277,276246685787227
2025-10-24_00-10-04,8.8,85.4,55.1,276,276246685787227
2025-10-24_00-10-23,7.2,84.9,55.1,273,276246685787227
2025-10-24_00-10-41,7.2,85.1,55.1,273,276246685787227
2025-10-24_00-10-58,6.9,84.4,55.1,273,276246685787227
2025-10-24_09-35-38,4.2,78.8,55.2,275,276246685787227
2025-10-24_09-35-38,4.2,78.8,55.2,275,276246685787227
2025-10-24_09-35-58,10.6,78.5,55.2,276,276246685787227
2025-10-24_09-35-38,4.2,78.8,55.2,275,276246685787227
2025-10-24_09-35-58,10.6,78.5,55.2,276,276246685787227
2025-10-24_09-36-17,6.3,78.5,55.2,278,276246685787227
2025-10-24_09-35-38,4.2,78.8,55.2,275,276246685787227
2025-10-24_09-35-58,10.6,78.5,55.2,276,276246685787227
2025-10-24_09-36-17,6.3,78.5,55.2,278,276246685787227
2025-10-24_09-36-36,6.7,78.2,55.2,278,276246685787227
2025-10-24_09-35-38,4.2,78.8,55.2,275,276246685787227
2025-10-24_09-35-58,10.6,78.5,55.2,276,276246685787227
2025-10-24_09-36-17,6.3,78.5,55.2,278,276246685787227
2025-10-24_09-36-36,6.7,78.2,55.2,278,276246685787227
2025-10-24_09-36-55,11.0,78.6,55.2,279,276246685787227
2025-10-24_09-35-38,4.2,78.8,55.2,275,276246685787227
2025-10-24_09-35-58,10.6,78.5,55.2,276,276246685787227
2025-10-24_09-36-17,6.3,78.5,55.2,278,276246685787227
2025-10-24_09-36-36,6.7,78.2,55.2,278,276246685787227
2025-10-24_09-36-55,11.0,78.6,55.2,279,276246685787227
2025-10-24_09-37-14,8.6,78.2,55.2,278,276246685787227
2025-10-24_09-35-38,4.2,78.8,55.2,275,276246685787227
2025-10-24_09-35-58,10.6,78.5,55.2,276,276246685787227
2025-10-24_09-36-17,6.3,78.5,55.2,278,276246685787227
2025-10-24_09-36-36,6.7,78.2,55.2,278,276246685787227
2025-10-24_09-36-55,11.0,78.6,55.2,279,276246685787227
2025-10-24_09-37-14,8.6,78.2,55.2,278,276246685787227
2025-10-24_09-37-34,24.3,81.5,55.2,278,276246685787227
2025-10-24_09-35-38,4.2,78.8,55.2,275,276246685787227
2025-10-24_09-35-58,10.6,78.5,55.2,276,276246685787227
2025-10-24_09-36-17,6.3,78.5,55.2,278,276246685787227
2025-10-24_09-36-36,6.7,78.2,55.2,278,276246685787227
2025-10-24_09-36-55,11.0,78.6,55.2,279,276246685787227
2025-10-24_09-37-14,8.6,78.2,55.2,278,276246685787227
2025-10-24_09-37-34,24.3,81.5,55.2,278,276246685787227
2025-10-24_09-37-59,11.9,81.5,55.2,276,276246685787227
2025-10-24_09-35-38,4.2,78.8,55.2,275,276246685787227
2025-10-24_09-35-58,10.6,78.5,55.2,276,276246685787227
2025-10-24_09-36-17,6.3,78.5,55.2,278,276246685787227
2025-10-24_09-36-36,6.7,78.2,55.2,278,276246685787227
2025-10-24_09-36-55,11.0,78.6,55.2,279,276246685787227
2025-10-24_09-37-14,8.6,78.2,55.2,278,276246685787227
2025-10-24_09-37-34,24.3,81.5,55.2,278,276246685787227
2025-10-24_09-37-59,11.9,81.5,55.2,276,276246685787227
2025-10-24_09-38-18,14.9,81.3,55.2,273,276246685787227
2025-10-24_09-35-38,4.2,78.8,55.2,275,276246685787227
2025-10-24_09-35-58,10.6,78.5,55.2,276,276246685787227
2025-10-24_09-36-17,6.3,78.5,55.2,278,276246685787227
2025-10-24_09-36-36,6.7,78.2,55.2,278,276246685787227
2025-10-24_09-36-55,11.0,78.6,55.2,279,276246685787227
2025-10-24_09-37-14,8.6,78.2,55.2,278,276246685787227
2025-10-24_09-37-34,24.3,81.5,55.2,278,276246685787227
2025-10-24_09-37-59,11.9,81.5,55.2,276,276246685787227
2025-10-24_09-38-18,14.9,81.3,55.2,273,276246685787227
2025-10-24_09-38-38,20.6,82.4,55.2,279,276246685787227
2025-10-24_09-35-38,4.2,78.8,55.2,275,276246685787227
2025-10-24_09-35-58,10.6,78.5,55.2,276,276246685787227
2025-10-24_09-36-17,6.3,78.5,55.2,278,276246685787227
2025-10-24_09-36-36,6.7,78.2,55.2,278,276246685787227
2025-10-24_09-36-55,11.0,78.6,55.2,279,276246685787227
2025-10-24_09-37-14,8.6,78.2,55.2,278,276246685787227
2025-10-24_09-37-34,24.3,81.5,55.2,278,276246685787227
2025-10-24_09-37-59,11.9,81.5,55.2,276,276246685787227
2025-10-24_09-38-18,14.9,81.3,55.2,273,276246685787227
2025-10-24_09-38-38,20.6,82.4,55.2,279,276246685787227
2025-10-24_09-39-01,9.0,82.2,55.2,281,276246685787227
2025-10-24_09-35-38,4.2,78.8,55.2,275,276246685787227
2025-10-24_09-35-58,10.6,78.5,55.2,276,276246685787227
2025-10-24_09-36-17,6.3,78.5,55.2,278,276246685787227
2025-10-24_09-36-36,6.7,78.2,55.2,278,276246685787227
2025-10-24_09-36-55,11.0,78.6,55.2,279,276246685787227
2025-10-24_09-37-14,8.6,78.2,55.2,278,276246685787227
2025-10-24_09-37-34,24.3,81.5,55.2,278,276246685787227
2025-10-24_09-37-59,11.9,81.5,55.2,276,276246685787227
2025-10-24_09-38-18,14.9,81.3,55.2,273,276246685787227
2025-10-24_09-38-38,20.6,82.4,55.2,279,276246685787227
2025-10-24_09-39-01,9.0,82.2,55.2,281,276246685787227
2025-10-24_09-39-24,8.6,82.0,55.2,280,276246685787227
2025-10-24_09-35-38,4.2,78.8,55.2,275,276246685787227
2025-10-24_09-35-58,10.6,78.5,55.2,276,276246685787227
2025-10-24_09-36-17,6.3,78.5,55.2,278,276246685787227
2025-10-24_09-36-36,6.7,78.2,55.2,278,276246685787227
2025-10-24_09-36-55,11.0,78.6,55.2,279,276246685787227
2025-10-24_09-37-14,8.6,78.2,55.2,278,276246685787227
2025-10-24_09-37-34,24.3,81.5,55.2,278,276246685787227
2025-10-24_09-37-59,11.9,81.5,55.2,276,276246685787227
2025-10-24_09-38-18,14.9,81.3,55.2,273,276246685787227
2025-10-24_09-38-38,20.6,82.4,55.2,279,276246685787227
2025-10-24_09-39-01,9.0,82.2,55.2,281,276246685787227
2025-10-24_09-39-24,8.6,82.0,55.2,280,276246685787227
2025-10-24_09-39-49,11.4,82.2,55.2,280,276246685787227
2025-10-24_09-35-38,4.2,78.8,55.2,275,276246685787227
2025-10-24_09-35-58,10.6,78.5,55.2,276,276246685787227
2025-10-24_09-36-17,6.3,78.5,55.2,278,276246685787227
2025-10-24_09-36-36,6.7,78.2,55.2,278,276246685787227
2025-10-24_09-36-55,11.0,78.6,55.2,279,276246685787227
2025-10-24_09-37-14,8.6,78.2,55.2,278,276246685787227
2025-10-24_09-37-34,24.3,81.5,55.2,278,276246685787227
2025-10-24_09-37-59,11.9,81.5,55.2,276,276246685787227
2025-10-24_09-38-18,14.9,81.3,55.2,273,276246685787227
2025-10-24_09-38-38,20.6,82.4,55.2,279,276246685787227
2025-10-24_09-39-01,9.0,82.2,55.2,281,276246685787227
2025-10-24_09-39-24,8.6,82.0,55.2,280,276246685787227
2025-10-24_09-39-49,11.4,82.2,55.2,280,276246685787227
2025-10-24_09-40-12,9.0,82.0,55.2,279,276246685787227
2025-10-24_09-35-38,4.2,78.8,55.2,275,276246685787227
2025-10-24_09-35-58,10.6,78.5,55.2,276,276246685787227
2025-10-24_09-36-17,6.3,78.5,55.2,278,276246685787227
2025-10-24_09-36-36,6.7,78.2,55.2,278,276246685787227
2025-10-24_09-36-55,11.0,78.6,55.2,279,276246685787227
2025-10-24_09-37-14,8.6,78.2,55.2,278,276246685787227
2025-10-24_09-37-34,24.3,81.5,55.2,278,276246685787227
2025-10-24_09-37-59,11.9,81.5,55.2,276,276246685787227
2025-10-24_09-38-18,14.9,81.3,55.2,273,276246685787227
2025-10-24_09-38-38,20.6,82.4,55.2,279,276246685787227
2025-10-24_09-39-01,9.0,82.2,55.2,281,276246685787227
2025-10-24_09-39-24,8.6,82.0,55.2,280,276246685787227
2025-10-24_09-39-49,11.4,82.2,55.2,280,276246685787227
2025-10-24_09-40-12,9.0,82.0,55.2,279,276246685787227
2025-10-24_09-40-35,5.8,82.0,55.2,279,276246685787227
2025-10-24_09-40-58,6.1,81.9,55.2,279,276246685787227
2025-10-24_09-40-58,6.1,81.9,55.2,279,276246685787227
2025-10-24_09-41-22,10.9,81.8,55.2,279,276246685787227
2025-10-24_09-40-58,6.1,81.9,55.2,279,276246685787227
2025-10-24_09-41-22,10.9,81.8,55.2,279,276246685787227
2025-10-24_09-41-45,12.9,82.0,55.2,278,276246685787227
2025-10-24_09-40-58,6.1,81.9,55.2,279,276246685787227
2025-10-24_09-41-22,10.9,81.8,55.2,279,276246685787227
2025-10-24_09-41-45,12.9,82.0,55.2,278,276246685787227
2025-10-24_09-42-04,8.6,81.9,55.2,276,276246685787227
2025-10-24_09-40-58,6.1,81.9,55.2,279,276246685787227
2025-10-24_09-41-22,10.9,81.8,55.2,279,276246685787227
2025-10-24_09-41-45,12.9,82.0,55.2,278,276246685787227
2025-10-24_09-42-04,8.6,81.9,55.2,276,276246685787227
2025-10-24_09-42-22,6.6,81.5,55.2,277,276246685787227
2025-10-24_09-40-58,6.1,81.9,55.2,279,276246685787227
2025-10-24_09-41-22,10.9,81.8,55.2,279,276246685787227
2025-10-24_09-41-45,12.9,82.0,55.2,278,276246685787227
2025-10-24_09-42-04,8.6,81.9,55.2,276,276246685787227
2025-10-24_09-42-22,6.6,81.5,55.2,277,276246685787227
2025-10-24_09-42-41,14.0,81.7,55.2,278,276246685787227
2025-10-24_09-40-58,6.1,81.9,55.2,279,276246685787227
2025-10-24_09-41-22,10.9,81.8,55.2,279,276246685787227
2025-10-24_09-41-45,12.9,82.0,55.2,278,276246685787227
2025-10-24_09-42-04,8.6,81.9,55.2,276,276246685787227
2025-10-24_09-42-22,6.6,81.5,55.2,277,276246685787227
2025-10-24_09-42-41,14.0,81.7,55.2,278,276246685787227
2025-10-24_09-43-00,10.9,81.5,55.2,278,276246685787227
2025-10-24_09-40-58,6.1,81.9,55.2,279,276246685787227
2025-10-24_09-41-22,10.9,81.8,55.2,279,276246685787227
2025-10-24_09-41-45,12.9,82.0,55.2,278,276246685787227
2025-10-24_09-42-04,8.6,81.9,55.2,276,276246685787227
2025-10-24_09-42-22,6.6,81.5,55.2,277,276246685787227
2025-10-24_09-42-41,14.0,81.7,55.2,278,276246685787227
2025-10-24_09-43-00,10.9,81.5,55.2,278,276246685787227
2025-10-24_09-43-19,5.2,81.3,55.2,278,276246685787227
2025-10-24_09-40-58,6.1,81.9,55.2,279,276246685787227
2025-10-24_09-41-22,10.9,81.8,55.2,279,276246685787227
2025-10-24_09-41-45,12.9,82.0,55.2,278,276246685787227
2025-10-24_09-42-04,8.6,81.9,55.2,276,276246685787227
2025-10-24_09-42-22,6.6,81.5,55.2,277,276246685787227
2025-10-24_09-42-41,14.0,81.7,55.2,278,276246685787227
2025-10-24_09-43-00,10.9,81.5,55.2,278,276246685787227
2025-10-24_09-43-19,5.2,81.3,55.2,278,276246685787227
2025-10-24_09-43-38,8.2,81.4,55.2,276,276246685787227
2025-10-24_09-40-58,6.1,81.9,55.2,279,276246685787227
2025-10-24_09-41-22,10.9,81.8,55.2,279,276246685787227
2025-10-24_09-41-45,12.9,82.0,55.2,278,276246685787227
2025-10-24_09-42-04,8.6,81.9,55.2,276,276246685787227
2025-10-24_09-42-22,6.6,81.5,55.2,277,276246685787227
2025-10-24_09-42-41,14.0,81.7,55.2,278,276246685787227
2025-10-24_09-43-00,10.9,81.5,55.2,278,276246685787227
2025-10-24_09-43-19,5.2,81.3,55.2,278,276246685787227
2025-10-24_09-43-38,8.2,81.4,55.2,276,276246685787227
2025-10-24_09-43-58,11.5,81.2,55.2,276,276246685787227
2025-10-24_09-40-58,6.1,81.9,55.2,279,276246685787227
2025-10-24_09-41-22,10.9,81.8,55.2,279,276246685787227
2025-10-24_09-41-45,12.9,82.0,55.2,278,276246685787227
2025-10-24_09-42-04,8.6,81.9,55.2,276,276246685787227
2025-10-24_09-42-22,6.6,81.5,55.2,277,276246685787227
2025-10-24_09-42-41,14.0,81.7,55.2,278,276246685787227
2025-10-24_09-43-00,10.9,81.5,55.2,278,276246685787227
2025-10-24_09-43-19,5.2,81.3,55.2,278,276246685787227
2025-10-24_09-43-38,8.2,81.4,55.2,276,276246685787227
2025-10-24_09-43-58,11.5,81.2,55.2,276,276246685787227
2025-10-24_09-44-21,12.4,81.0,55.2,276,276246685787227
2025-10-24_09-40-58,6.1,81.9,55.2,279,276246685787227
2025-10-24_09-41-22,10.9,81.8,55.2,279,276246685787227
2025-10-24_09-41-45,12.9,82.0,55.2,278,276246685787227
2025-10-24_09-42-04,8.6,81.9,55.2,276,276246685787227
2025-10-24_09-42-22,6.6,81.5,55.2,277,276246685787227
2025-10-24_09-42-41,14.0,81.7,55.2,278,276246685787227
2025-10-24_09-43-00,10.9,81.5,55.2,278,276246685787227
2025-10-24_09-43-19,5.2,81.3,55.2,278,276246685787227
2025-10-24_09-43-38,8.2,81.4,55.2,276,276246685787227
2025-10-24_09-43-58,11.5,81.2,55.2,276,276246685787227
2025-10-24_09-44-21,12.4,81.0,55.2,276,276246685787227
2025-10-24_09-44-44,17.7,81.0,55.2,276,276246685787227
2025-10-24_09-40-58,6.1,81.9,55.2,279,276246685787227
2025-10-24_09-41-22,10.9,81.8,55.2,279,276246685787227
2025-10-24_09-41-45,12.9,82.0,55.2,278,276246685787227
2025-10-24_09-42-04,8.6,81.9,55.2,276,276246685787227
2025-10-24_09-42-22,6.6,81.5,55.2,277,276246685787227
2025-10-24_09-42-41,14.0,81.7,55.2,278,276246685787227
2025-10-24_09-43-00,10.9,81.5,55.2,278,276246685787227
2025-10-24_09-43-19,5.2,81.3,55.2,278,276246685787227
2025-10-24_09-43-38,8.2,81.4,55.2,276,276246685787227
2025-10-24_09-43-58,11.5,81.2,55.2,276,276246685787227
2025-10-24_09-44-21,12.4,81.0,55.2,276,276246685787227
2025-10-24_09-44-44,17.7,81.0,55.2,276,276246685787227
2025-10-24_09-45-06,12.1,81.2,55.2,276,276246685787227
2025-10-24_09-40-58,6.1,81.9,55.2,279,276246685787227
2025-10-24_09-41-22,10.9,81.8,55.2,279,276246685787227
2025-10-24_09-41-45,12.9,82.0,55.2,278,276246685787227
2025-10-24_09-42-04,8.6,81.9,55.2,276,276246685787227
2025-10-24_09-42-22,6.6,81.5,55.2,277,276246685787227
2025-10-24_09-42-41,14.0,81.7,55.2,278,276246685787227
2025-10-24_09-43-00,10.9,81.5,55.2,278,276246685787227
2025-10-24_09-43-19,5.2,81.3,55.2,278,276246685787227
2025-10-24_09-43-38,8.2,81.4,55.2,276,276246685787227
2025-10-24_09-43-58,11.5,81.2,55.2,276,276246685787227
2025-10-24_09-44-21,12.4,81.0,55.2,276,276246685787227
2025-10-24_09-44-44,17.7,81.0,55.2,276,276246685787227
2025-10-24_09-45-06,12.1,81.2,55.2,276,276246685787227
2025-10-24_09-45-27,9.6,80.9,55.2,276,276246685787227
2025-10-24_09-47-29,2.4,80.2,55.2,280,276246685787227
2025-10-24_09-47-29,2.4,80.2,55.2,280,276246685787227
2025-10-24_09-47-48,11.0,80.7,55.2,277,276246685787227
2025-10-24_09-47-29,2.4,80.2,55.2,280,276246685787227
2025-10-24_09-47-48,11.0,80.7,55.2,277,276246685787227
2025-10-24_09-48-12,14.6,80.6,55.2,279,276246685787227
2025-10-24_09-47-29,2.4,80.2,55.2,280,276246685787227
2025-10-24_09-47-48,11.0,80.7,55.2,277,276246685787227
2025-10-24_09-48-12,14.6,80.6,55.2,279,276246685787227
2025-10-24_09-48-37,26.3,80.2,55.3,277,276246685787227
2025-10-24_09-47-29,2.4,80.2,55.2,280,276246685787227
2025-10-24_09-47-48,11.0,80.7,55.2,277,276246685787227
2025-10-24_09-48-12,14.6,80.6,55.2,279,276246685787227
2025-10-24_09-48-37,26.3,80.2,55.3,277,276246685787227
2025-10-24_09-49-00,24.9,81.4,55.3,276,276246685787227
2025-10-24_09-47-29,2.4,80.2,55.2,280,276246685787227
2025-10-24_09-47-48,11.0,80.7,55.2,277,276246685787227
2025-10-24_09-48-12,14.6,80.6,55.2,279,276246685787227
2025-10-24_09-48-37,26.3,80.2,55.3,277,276246685787227
2025-10-24_09-49-00,24.9,81.4,55.3,276,276246685787227
2025-10-24_09-49-29,17.0,82.8,55.3,276,276246685787227
2025-10-24_09-47-29,2.4,80.2,55.2,280,276246685787227
2025-10-24_09-47-48,11.0,80.7,55.2,277,276246685787227
2025-10-24_09-48-12,14.6,80.6,55.2,279,276246685787227
2025-10-24_09-48-37,26.3,80.2,55.3,277,276246685787227
2025-10-24_09-49-00,24.9,81.4,55.3,276,276246685787227
2025-10-24_09-49-29,17.0,82.8,55.3,276,276246685787227
2025-10-24_09-49-52,8.7,82.6,55.3,274,276246685787227
2025-10-24_09-47-29,2.4,80.2,55.2,280,276246685787227
2025-10-24_09-47-48,11.0,80.7,55.2,277,276246685787227
2025-10-24_09-48-12,14.6,80.6,55.2,279,276246685787227
2025-10-24_09-48-37,26.3,80.2,55.3,277,276246685787227
2025-10-24_09-49-00,24.9,81.4,55.3,276,276246685787227
2025-10-24_09-49-29,17.0,82.8,55.3,276,276246685787227
2025-10-24_09-49-52,8.7,82.6,55.3,274,276246685787227
2025-10-24_09-50-17,16.1,81.9,55.3,276,276246685787227
2025-10-24_09-47-29,2.4,80.2,55.2,280,276246685787227
2025-10-24_09-47-48,11.0,80.7,55.2,277,276246685787227
2025-10-24_09-48-12,14.6,80.6,55.2,279,276246685787227
2025-10-24_09-48-37,26.3,80.2,55.3,277,276246685787227
2025-10-24_09-49-00,24.9,81.4,55.3,276,276246685787227
2025-10-24_09-49-29,17.0,82.8,55.3,276,276246685787227
2025-10-24_09-49-52,8.7,82.6,55.3,274,276246685787227
2025-10-24_09-50-17,16.1,81.9,55.3,276,276246685787227
2025-10-24_09-50-36,13.4,81.8,55.3,276,276246685787227
2025-10-24_09-47-29,2.4,80.2,55.2,280,276246685787227
2025-10-24_09-47-48,11.0,80.7,55.2,277,276246685787227
2025-10-24_09-48-12,14.6,80.6,55.2,279,276246685787227
2025-10-24_09-48-37,26.3,80.2,55.3,277,276246685787227
2025-10-24_09-49-00,24.9,81.4,55.3,276,276246685787227
2025-10-24_09-49-29,17.0,82.8,55.3,276,276246685787227
2025-10-24_09-49-52,8.7,82.6,55.3,274,276246685787227
2025-10-24_09-50-17,16.1,81.9,55.3,276,276246685787227
2025-10-24_09-50-36,13.4,81.8,55.3,276,276246685787227
2025-10-24_09-50-55,13.6,81.7,55.3,276,276246685787227
2025-10-24_09-47-29,2.4,80.2,55.2,280,276246685787227
2025-10-24_09-47-48,11.0,80.7,55.2,277,276246685787227
2025-10-24_09-48-12,14.6,80.6,55.2,279,276246685787227
2025-10-24_09-48-37,26.3,80.2,55.3,277,276246685787227
2025-10-24_09-49-00,24.9,81.4,55.3,276,276246685787227
2025-10-24_09-49-29,17.0,82.8,55.3,276,276246685787227
2025-10-24_09-49-52,8.7,82.6,55.3,274,276246685787227
2025-10-24_09-50-17,16.1,81.9,55.3,276,276246685787227
2025-10-24_09-50-36,13.4,81.8,55.3,276,276246685787227
2025-10-24_09-50-55,13.6,81.7,55.3,276,276246685787227
2025-10-24_09-51-14,13.4,81.1,55.3,276,276246685787227
2025-10-24_09-47-29,2.4,80.2,55.2,280,276246685787227
2025-10-24_09-47-48,11.0,80.7,55.2,277,276246685787227
2025-10-24_09-48-12,14.6,80.6,55.2,279,276246685787227
2025-10-24_09-48-37,26.3,80.2,55.3,277,276246685787227
2025-10-24_09-49-00,24.9,81.4,55.3,276,276246685787227
2025-10-24_09-49-29,17.0,82.8,55.3,276,276246685787227
2025-10-24_09-49-52,8.7,82.6,55.3,274,276246685787227
2025-10-24_09-50-17,16.1,81.9,55.3,276,276246685787227
2025-10-24_09-50-36,13.4,81.8,55.3,276,276246685787227
2025-10-24_09-50-55,13.6,81.7,55.3,276,276246685787227
2025-10-24_09-51-14,13.4,81.1,55.3,276,276246685787227
2025-10-24_09-51-33,9.1,81.0,55.3,276,276246685787227
2025-10-24_09-47-29,2.4,80.2,55.2,280,276246685787227
2025-10-24_09-47-48,11.0,80.7,55.2,277,276246685787227
2025-10-24_09-48-12,14.6,80.6,55.2,279,276246685787227
2025-10-24_09-48-37,26.3,80.2,55.3,277,276246685787227
2025-10-24_09-49-00,24.9,81.4,55.3,276,276246685787227
2025-10-24_09-49-29,17.0,82.8,55.3,276,276246685787227
2025-10-24_09-49-52,8.7,82.6,55.3,274,276246685787227
2025-10-24_09-50-17,16.1,81.9,55.3,276,276246685787227
2025-10-24_09-50-36,13.4,81.8,55.3,276,276246685787227
2025-10-24_09-50-55,13.6,81.7,55.3,276,276246685787227
2025-10-24_09-51-14,13.4,81.1,55.3,276,276246685787227
2025-10-24_09-51-33,9.1,81.0,55.3,276,276246685787227
2025-10-24_09-51-52,9.0,81.3,55.3,276,276246685787227
2025-10-24_09-47-29,2.4,80.2,55.2,280,276246685787227
2025-10-24_09-47-48,11.0,80.7,55.2,277,276246685787227
2025-10-24_09-48-12,14.6,80.6,55.2,279,276246685787227
2025-10-24_09-48-37,26.3,80.2,55.3,277,276246685787227
2025-10-24_09-49-00,24.9,81.4,55.3,276,276246685787227
2025-10-24_09-49-29,17.0,82.8,55.3,276,276246685787227
2025-10-24_09-49-52,8.7,82.6,55.3,274,276246685787227
2025-10-24_09-50-17,16.1,81.9,55.3,276,276246685787227
2025-10-24_09-50-36,13.4,81.8,55.3,276,276246685787227
2025-10-24_09-50-55,13.6,81.7,55.3,276,276246685787227
2025-10-24_09-51-14,13.4,81.1,55.3,276,276246685787227
2025-10-24_09-51-33,9.1,81.0,55.3,276,276246685787227
2025-10-24_09-51-52,9.0,81.3,55.3,276,276246685787227
2025-10-24_09-52-11,11.1,81.7,55.3,279,276246685787227
2025-10-24_09-52-34,27.6,82.1,55.4,279,276246685787227
2025-10-24_09-52-34,27.6,82.1,55.4,279,276246685787227
2025-10-24_09-53-00,18.6,82.5,55.5,274,276246685787227
